0,1,2,3,4,5,6,7,8,9,class
1.0,1.52101,13.64,4.49,1.1,71.78,0.06,8.75,0.0,0.0,1
2.0,1.51761,13.89,3.6,1.36,72.73,0.48,7.83,0.0,0.0,1
3.0,1.51618,13.53,3.55,1.54,72.99,0.39,7.78,0.0,0.0,1
4.0,1.51766,13.21,3.69,1.29,72.61,0.57,8.22,0.0,0.0,1
5.0,1.51742,13.27,3.62,1.24,73.08,0.55,8.07,0.0,0.0,1
6.0,1.51596,12.79,3.61,1.62,72.97,0.64,8.07,0.0,0.26,1
7.0,1.51743,13.3,3.6,1.14,73.09,0.58,8.17,0.0,0.0,1
8.0,1.51756,13.15,3.61,1.05,73.24,0.57,8.24,0.0,0.0,1
9.0,1.51918,14.04,3.58,1.37,72.08,0.56,8.3,0.0,0.0,1
10.0,1.51755,13.0,3.6,1.36,72.99,0.57,8.4,0.0,0.11,1
11.0,1.51571,12.72,3.46,1.56,73.2,0.67,8.09,0.0,0.24,1
12.0,1.51763,12.8,3.66,1.27,73.01,0.6,8.56,0.0,0.0,1
13.0,1.51589,12.88,3.43,1.4,73.28,0.69,8.05,0.0,0.24,1
14.0,1.51748,12.86,3.56,1.27,73.21,0.54,8.38,0.0,0.17,1
15.0,1.51763,12.61,3.59,1.31,73.29,0.58,8.5,0.0,0.0,1
16.0,1.51761,12.81,3.54,1.23,73.24,0.58,8.39,0.0,0.0,1
17.0,1.51784,12.68,3.67,1.16,73.11,0.61,8.7,0.0,0.0,1
18.0,1.52196,14.36,3.85,0.89,71.36,0.15,9.15,0.0,0.0,1
19.0,1.51911,13.9,3.73,1.18,72.12,0.06,8.89,0.0,0.0,1
20.0,1.51735,13.02,3.54,1.69,72.73,0.54,8.44,0.0,0.07,1
21.0,1.5175,12.82,3.55,1.49,72.75,0.54,8.52,0.0,0.19,1
22.0,1.51966,14.77,3.75,0.29,72.02,0.03,9.0,0.0,0.0,1
23.0,1.51736,12.78,3.62,1.29,72.79,0.59,8.7,0.0,0.0,1
24.0,1.51751,12.81,3.57,1.35,73.02,0.62,8.59,0.0,0.0,1
25.0,1.5172,13.38,3.5,1.15,72.85,0.5,8.43,0.0,0.0,1
26.0,1.51764,12.98,3.54,1.21,73.0,0.65,8.53,0.0,0.0,1
27.0,1.51793,13.21,3.48,1.41,72.64,0.59,8.43,0.0,0.0,1
28.0,1.51721,12.87,3.48,1.33,73.04,0.56,8.43,0.0,0.0,1
29.0,1.51768,12.56,3.52,1.43,73.15,0.57,8.54,0.0,0.0,1
30.0,1.51784,13.08,3.49,1.28,72.86,0.6,8.49,0.0,0.0,1
31.0,1.51768,12.65,3.56,1.3,73.08,0.61,8.69,0.0,0.14,1
32.0,1.51747,12.84,3.5,1.14,73.27,0.56,8.55,0.0,0.0,1
33.0,1.51775,12.85,3.48,1.23,72.97,0.61,8.56,0.09,0.22,1
34.0,1.51753,12.57,3.47,1.38,73.39,0.6,8.55,0.0,0.06,1
35.0,1.51783,12.69,3.54,1.34,72.95,0.57,8.75,0.0,0.0,1
36.0,1.51567,13.29,3.45,1.21,72.74,0.56,8.57,0.0,0.0,1
37.0,1.51909,13.89,3.53,1.32,71.81,0.51,8.78,0.11,0.0,1
38.0,1.51797,12.74,3.48,1.35,72.96,0.64,8.68,0.0,0.0,1
39.0,1.52213,14.21,3.82,0.47,71.77,0.11,9.57,0.0,0.0,1
40.0,1.52213,14.21,3.82,0.47,71.77,0.11,9.57,0.0,0.0,1
41.0,1.51793,12.79,3.5,1.12,73.03,0.64,8.77,0.0,0.0,1
42.0,1.51755,12.71,3.42,1.2,73.2,0.59,8.64,0.0,0.0,1
43.0,1.51779,13.21,3.39,1.33,72.76,0.59,8.59,0.0,0.0,1
44.0,1.5221,13.73,3.84,0.72,71.76,0.17,9.74,0.0,0.0,1
45.0,1.51786,12.73,3.43,1.19,72.95,0.62,8.76,0.0,0.3,1
46.0,1.519,13.49,3.48,1.35,71.95,0.55,9.0,0.0,0.0,1
47.0,1.51869,13.19,3.37,1.18,72.72,0.57,8.83,0.0,0.16,1
48.0,1.52667,13.99,3.7,0.71,71.57,0.02,9.82,0.0,0.1,1
49.0,1.52223,13.21,3.77,0.79,71.99,0.13,10.02,0.0,0.0,1
50.0,1.51898,13.58,3.35,1.23,72.08,0.59,8.91,0.0,0.0,1
51.0,1.5232,13.72,3.72,0.51,71.75,0.09,10.06,0.0,0.16,1
52.0,1.51926,13.2,3.33,1.28,72.36,0.6,9.14,0.0,0.11,1
53.0,1.51808,13.43,2.87,1.19,72.84,0.55,9.03,0.0,0.0,1
54.0,1.51837,13.14,2.84,1.28,72.85,0.55,9.07,0.0,0.0,1
55.0,1.51778,13.21,2.81,1.29,72.98,0.51,9.02,0.0,0.09,1
56.0,1.51769,12.45,2.71,1.29,73.7,0.56,9.06,0.0,0.24,1
57.0,1.51215,12.99,3.47,1.12,72.98,0.62,8.35,0.0,0.31,1
58.0,1.51824,12.87,3.48,1.29,72.95,0.6,8.43,0.0,0.0,1
59.0,1.51754,13.48,3.74,1.17,72.99,0.59,8.03,0.0,0.0,1
60.0,1.51754,13.39,3.66,1.19,72.79,0.57,8.27,0.0,0.11,1
61.0,1.51905,13.6,3.62,1.11,72.64,0.14,8.76,0.0,0.0,1
62.0,1.51977,13.81,3.58,1.32,71.72,0.12,8.67,0.69,0.0,1
63.0,1.52172,13.51,3.86,0.88,71.79,0.23,9.54,0.0,0.11,1
64.0,1.52227,14.17,3.81,0.78,71.35,0.0,9.69,0.0,0.0,1
65.0,1.52172,13.48,3.74,0.9,72.01,0.18,9.61,0.0,0.07,1
66.0,1.52099,13.69,3.59,1.12,71.96,0.09,9.4,0.0,0.0,1
67.0,1.52152,13.05,3.65,0.87,72.22,0.19,9.85,0.0,0.17,1
68.0,1.52152,13.05,3.65,0.87,72.32,0.19,9.85,0.0,0.17,1
69.0,1.52152,13.12,3.58,0.9,72.2,0.23,9.82,0.0,0.16,1
70.0,1.523,13.31,3.58,0.82,71.99,0.12,10.17,0.0,0.03,1
36.25526315789474,1.517970485714286,13.518843609022557,3.5131496240601505,1.2407360902255637,72.32684812030075,0.5059654135338346,8.723290977443611,0.048393233082706766,0.017100000000000004,1
17.79736842105263,1.5176293278195487,13.031422556390979,3.565096992481203,1.3306308270676692,72.9096902255639,0.5479654135338345,8.4735015037594,0.0038142857142857145,0.11325789473684211,1
56.4078947368421,1.5206312225563907,13.462843609022556,3.6450443609022556,1.035893984962406,72.17984812030075,0.23701804511278196,9.312027819548872,0.0038142857142857145,0.04804736842105264,1
56.55526315789473,1.5205236436090226,13.493790977443611,3.622939097744361,1.068315037593985,72.17247969924811,0.22375488721804512,9.28108045112782,0.0038142857142857145,0.03773157894736842,1
54.97105263157894,1.5209410646616541,13.57558045112782,3.7566759398496243,0.9430518796992481,71.9414796992481,0.24438646616541354,9.350343609022557,0.0038142857142857145,0.0697842105263158,1
44.36052631578947,1.5237937488721802,13.679475187969924,3.6634654135338347,0.8549992481203006,71.93116390977443,0.16038646616541358,9.535290977443609,0.0038142857142857145,0.07604736842105261,1
54.82368421052632,1.5208600120300753,13.478317293233085,3.764044360902256,0.9577887218045112,72.00632180451127,0.2782812030075188,9.328238345864662,0.0038142857142857145,0.08599473684210526,1
55.56052631578947,1.5211436962406013,13.815422556390976,3.724991729323308,0.9084203007518796,71.8036902255639,0.15412330827067672,9.413343609022556,0.0038142857142857145,0.024836842105263164,1
15.881578947368421,1.5178595909774437,13.232948872180453,3.589044360902256,1.117315037593985,72.99847969924811,0.5369127819548872,8.381396240601505,0.0038142857142857145,0.017100000000000004,1
12.05,1.5179424857142856,13.695685714285714,3.5857285714285716,1.301157142857143,72.69674285714285,0.4702285714285714,8.120185714285714,0.0038142857142857145,0.017100000000000004,1
37.95,1.5211064857142857,13.919685714285716,3.7397285714285715,0.6781571428571429,72.02474285714285,0.21122857142857143,9.338185714285716,0.0038142857142857145,0.017100000000000004,1
38.46578947368421,1.5211064857142857,13.919685714285714,3.739728571428571,0.6781571428571429,72.02474285714285,0.21122857142857143,9.338185714285716,0.0038142857142857145,0.017100000000000004,1
25.497368421052634,1.5181838015037594,13.234054135338347,3.5802022556390978,1.215315037593985,72.60316390977442,0.43707067669172933,8.673922556390977,0.0038142857142857145,0.12210000000000001,1
56.18684210526317,1.5207925909774436,13.416422556390978,3.6782022556390985,0.9872624060150377,72.19090075187971,0.25691278195488726,9.358448872180452,0.0038142857142857145,0.06352105263157895,1
48.044736842105266,1.5183569593984965,13.288212030075188,3.0658864661654137,1.2086834586466164,72.77669022556391,0.5192285714285715,8.971975187969926,0.0038142857142857145,0.017100000000000004,1
38.53947368421052,1.5211064857142857,13.919685714285716,3.739728571428571,0.6781571428571429,72.02474285714285,0.21122857142857143,9.338185714285716,0.0038142857142857145,0.017100000000000004,1
41.74473684210526,1.5198358015037592,13.288948872180452,3.632886466165414,0.9916834586466164,72.36847969924811,0.38586015037593985,9.168343609022559,0.0038142857142857145,0.10552105263157893,1
43.14473684210527,1.518824117293233,13.327264661654135,3.4693075187969926,1.2440518796992481,72.37769022556391,0.5251233082706767,8.88908045112782,0.0038142857142857145,0.0642578947368421,1
15.955263157894738,1.5178691699248121,13.221896240601504,3.589781203007519,1.1106834586466166,73.00953233082706,0.536175939849624,8.386554135338347,0.0038142857142857145,0.017100000000000004,1
21.002631578947373,1.5179343804511278,12.836527819548873,3.574307518796993,1.2602624060150376,73.07695338345866,0.5343338345864661,8.5715015037594,0.0038142857142857145,0.04215263157894737,1
56.849999999999994,1.5203084857142857,13.555685714285714,3.5787285714285715,1.133157142857143,72.15774285714285,0.19722857142857142,9.219185714285715,0.0038142857142857145,0.017100000000000004,1
47.52894736842106,1.518532327819549,13.322843609022556,3.1764127819548875,1.202051879699248,72.66763759398496,0.5302812030075188,8.9845015037594,0.0038142857142857145,0.04141578947368422,1
53.20263157894737,1.5187279593984964,13.461738345864662,3.605623308270677,1.1379466165413534,72.65584812030076,0.295596992481203,8.698975187969927,0.0038142857142857145,0.03331052631578948,1
50.84473684210526,1.515915433082707,13.030317293233082,3.497675939849624,1.1832624060150376,72.86290075187969,0.5623338345864661,8.507764661654136,0.0038142857142857145,0.14273157894736843,1
44.6921052631579,1.5223215383458646,13.420843609022558,3.686675939849624,0.8815255639097744,72.07042706766916,0.19686015037593985,9.601606766917293,0.0038142857142857145,0.04288947368421053,1
52.57631578947368,1.5178934857142856,13.352317293233083,3.633623308270677,1.1806834586466164,72.75347969924813,0.5347022556390977,8.410501503759399,0.0038142857142857145,0.08599473684210526,1
41.30263157894737,1.520450327819549,13.507054135338349,3.687412781954887,0.9430518796992481,72.16511127819548,0.3151233082706767,9.28771203007519,0.0038142857142857145,0.017100000000000004,1
29.91842105263158,1.5179012225563908,13.094422556390978,3.501728571428571,1.3066834586466165,72.7811112781955,0.536175939849624,8.540185714285714,0.0038142857142857145,0.017100000000000004,1
16.286842105263162,1.5179671699248123,13.210475187969926,3.5916233082706768,1.0959466165413534,73.0110060150376,0.5328601503759398,8.409396240601506,0.0038142857142857145,0.017100000000000004,1
24.428947368421053,1.5181495383458645,13.281212030075189,3.5857285714285716,1.4194203007518795,72.5619007518797,0.40612330827067666,8.64665939849624,0.0038142857142857145,0.050626315789473686,1
43.992105263157896,1.5222264857142858,13.55936992481203,3.570623308270677,0.9673676691729323,72.18132180451127,0.29007067669172937,9.25786992481203,0.0038142857142857145,0.10257368421052632,1
35.886842105263156,1.516710485714286,13.29779097744361,3.4836759398496246,1.2002097744360904,72.66947969924813,0.5243864661654136,8.64592255639098,0.007866917293233083,0.017100000000000004,1
41.1921052631579,1.5199739593984962,13.44958045112782,3.637675939849624,1.010472932330827,72.27563759398495,0.3615443609022556,9.160606766917294,0.0038142857142857145,0.017100000000000004,1
49.81315789473684,1.5180018015037593,12.715685714285714,2.966412781954887,1.2521571428571427,73.34921654135337,0.5243864661654135,8.979712030075188,0.0038142857142857145,0.1795736842105263,1
13.523684210526316,1.5179598015037594,13.224106766917295,3.6435706766917297,1.2484729323308272,72.64737443609022,0.5317548872180451,8.382133082706769,0.0038142857142857145,0.017100000000000004,1
71.0,1.51574,14.86,3.67,1.74,71.87,0.16,7.36,0.0,0.12,2
72.0,1.51848,13.64,3.87,1.27,71.96,0.54,8.32,0.0,0.32,2
73.0,1.51593,13.09,3.59,1.52,73.1,0.67,7.83,0.0,0.0,2
74.0,1.51631,13.34,3.57,1.57,72.87,0.61,7.89,0.0,0.0,2
75.0,1.51596,13.02,3.56,1.54,73.11,0.72,7.9,0.0,0.0,2
76.0,1.5159,13.02,3.58,1.51,73.12,0.69,7.96,0.0,0.0,2
77.0,1.51645,13.44,3.61,1.54,72.39,0.66,8.03,0.0,0.0,2
78.0,1.51627,13.0,3.58,1.54,72.83,0.61,8.04,0.0,0.0,2
79.0,1.51613,13.92,3.52,1.25,72.88,0.37,7.94,0.0,0.14,2
80.0,1.5159,12.82,3.52,1.9,72.86,0.69,7.97,0.0,0.0,2
81.0,1.51592,12.86,3.52,2.12,72.66,0.69,7.97,0.0,0.0,2
82.0,1.51593,13.25,3.45,1.43,73.17,0.61,7.86,0.0,0.0,2
83.0,1.51646,13.41,3.55,1.25,72.81,0.68,8.1,0.0,0.0,2
84.0,1.51594,13.09,3.52,1.55,72.87,0.68,8.05,0.0,0.09,2
85.0,1.51409,14.25,3.09,2.08,72.28,1.1,7.08,0.0,0.0,2
86.0,1.51625,13.36,3.58,1.49,72.72,0.45,8.21,0.0,0.0,2
87.0,1.51569,13.24,3.49,1.47,73.25,0.38,8.03,0.0,0.0,2
88.0,1.51645,13.4,3.49,1.52,72.65,0.67,8.08,0.0,0.1,2
89.0,1.51618,13.01,3.5,1.48,72.89,0.6,8.12,0.0,0.0,2
90.0,1.5164,12.55,3.48,1.87,73.23,0.63,8.08,0.0,0.09,2
91.0,1.51841,12.93,3.74,1.11,72.28,0.64,8.96,0.0,0.22,2
92.0,1.51605,12.9,3.44,1.45,73.06,0.44,8.27,0.0,0.0,2
93.0,1.51588,13.12,3.41,1.58,73.26,0.07,8.39,0.0,0.19,2
94.0,1.5159,13.24,3.34,1.47,73.1,0.39,8.22,0.0,0.0,2
95.0,1.51629,12.71,3.33,1.49,73.28,0.67,8.24,0.0,0.0,2
96.0,1.5186,13.36,3.43,1.43,72.26,0.51,8.6,0.0,0.0,2
97.0,1.51841,13.02,3.62,1.06,72.34,0.64,9.13,0.0,0.15,2
98.0,1.51743,12.2,3.25,1.16,73.55,0.62,8.9,0.0,0.24,2
99.0,1.51689,12.67,2.88,1.71,73.21,0.73,8.54,0.0,0.0,2
100.0,1.51811,12.96,2.96,1.43,72.92,0.6,8.79,0.14,0.0,2
101.0,1.51655,12.75,2.85,1.44,73.27,0.57,8.79,0.11,0.22,2
102.0,1.5173,12.35,2.72,1.63,72.87,0.7,9.23,0.0,0.0,2
103.0,1.5182,12.62,2.76,0.83,73.81,0.35,9.42,0.0,0.2,2
104.0,1.52725,13.8,3.15,0.66,70.57,0.08,11.64,0.0,0.0,2
105.0,1.5241,13.83,2.9,1.17,71.15,0.08,10.79,0.0,0.0,2
106.0,1.52475,11.45,0.0,1.88,72.19,0.81,13.24,0.0,0.34,2
107.0,1.53125,10.73,0.0,2.1,69.81,0.58,13.3,3.15,0.28,2
108.0,1.53393,12.3,0.0,1.0,70.16,0.12,16.19,0.0,0.24,2
109.0,1.52222,14.43,0.0,1.0,72.67,0.1,11.52,0.0,0.08,2
110.0,1.51818,13.72,0.0,0.56,74.45,0.0,10.99,0.0,0.0,2
111.0,1.52664,11.23,0.0,0.77,73.21,0.0,14.68,0.0,0.0,2
112.0,1.52739,11.02,0.0,0.75,73.08,0.0,14.96,0.0,0.0,2
113.0,1.52777,12.64,0.0,0.67,72.02,0.06,14.4,0.0,0.0,2
114.0,1.51892,13.46,3.83,1.26,72.55,0.57,8.21,0.0,0.14,2
115.0,1.51847,13.1,3.97,1.19,72.44,0.6,8.43,0.0,0.0,2
116.0,1.51846,13.41,3.89,1.33,72.38,0.51,8.28,0.0,0.0,2
117.0,1.51829,13.24,3.9,1.41,72.33,0.55,8.31,0.0,0.1,2
118.0,1.51708,13.72,3.68,1.81,72.06,0.64,7.88,0.0,0.0,2
119.0,1.51673,13.3,3.64,1.53,72.53,0.65,8.03,0.0,0.29,2
120.0,1.51652,13.56,3.57,1.47,72.45,0.64,7.96,0.0,0.0,2
121.0,1.51844,13.25,3.76,1.32,72.4,0.58,8.42,0.0,0.0,2
122.0,1.51663,12.93,3.54,1.62,72.96,0.64,8.03,0.0,0.21,2
123.0,1.51687,13.23,3.54,1.48,72.84,0.56,8.1,0.0,0.0,2
124.0,1.51707,13.48,3.48,1.71,72.52,0.62,7.99,0.0,0.0,2
125.0,1.52177,13.2,3.68,1.15,72.75,0.54,8.52,0.0,0.0,2
126.0,1.51872,12.93,3.66,1.56,72.51,0.58,8.55,0.0,0.12,2
127.0,1.51667,12.94,3.61,1.26,72.75,0.56,8.6,0.0,0.0,2
128.0,1.52081,13.78,2.28,1.43,71.99,0.49,9.85,0.0,0.17,2
129.0,1.52068,13.55,2.09,1.67,72.18,0.53,9.57,0.27,0.17,2
130.0,1.5202,13.98,1.35,1.63,71.76,0.39,10.56,0.0,0.18,2
131.0,1.52177,13.75,1.01,1.36,72.19,0.33,11.14,0.0,0.0,2
132.0,1.52614,13.7,0.0,1.36,71.24,0.19,13.44,0.0,0.1,2
133.0,1.51813,13.43,3.98,1.18,72.49,0.58,8.15,0.0,0.0,2
134.0,1.518,13.71,3.93,1.54,71.81,0.54,8.21,0.0,0.15,2
135.0,1.51811,13.33,3.85,1.25,72.78,0.52,8.12,0.0,0.0,2
136.0,1.51789,13.19,3.9,1.3,72.33,0.55,8.44,0.0,0.28,2
137.0,1.51806,13.0,3.8,1.08,73.07,0.56,8.38,0.0,0.12,2
138.0,1.51711,12.89,3.62,1.57,72.96,0.61,8.11,0.0,0.0,2
139.0,1.51674,12.79,3.52,1.54,73.36,0.66,7.9,0.0,0.0,2
140.0,1.51674,12.87,3.56,1.64,73.14,0.65,7.99,0.0,0.0,2
141.0,1.5169,13.33,3.54,1.61,72.54,0.68,8.11,0.0,0.0,2
142.0,1.51851,13.2,3.63,1.07,72.83,0.57,8.41,0.09,0.17,2
143.0,1.51662,12.85,3.51,1.44,73.01,0.68,8.23,0.06,0.25,2
144.0,1.51709,13.0,3.47,1.79,72.72,0.66,8.18,0.0,0.0,2
145.0,1.5166,12.99,3.18,1.23,72.97,0.58,8.81,0.0,0.24,2
146.0,1.51839,12.85,3.67,1.24,72.57,0.62,8.68,0.0,0.35,2
87.66315789473684,1.5168744188094978,13.6432185687712,3.3683893204945834,1.3087840026261077,72.79404874712769,0.4244512528723055,8.28078400262611,0.015399168399168398,0.11671112813218075,2
117.5421052631579,1.5176860503884453,13.066639621402778,3.4369156362840574,1.4797313710471605,72.70746979975928,0.5891354633986213,8.440678739468215,0.015399168399168398,0.11671112813218075,2
128.48421052631582,1.518045260914761,13.01285014771857,3.529020899441953,1.269362949994529,72.90862769449612,0.5578196739249371,8.53536294999453,0.015399168399168398,0.08576375971112814,2
84.49473684210525,1.516892103020024,13.176797516139622,3.398231425757742,1.5132576868366343,72.85962769449613,0.6160302002407265,8.245047160520846,0.015399168399168398,0.023869022869022878,2
104.13157894736842,1.5179866819673926,12.66763962140278,2.8194419520735314,1.2988366342050555,73.10057506291717,0.5305565160302003,9.243099792099793,0.015399168399168398,0.09018481234270709,2
124.54210526315791,1.5227492609147608,13.53600804245541,1.1626524783893208,1.375099792099792,71.89289085239085,0.32571441076704233,11.53394189736295,0.015399168399168398,0.06807954918481235,2
104.42631578947368,1.5182519451252874,12.7472185687712,2.831231425757742,1.0630471605208447,73.37762769449611,0.42739862129335815,9.299099792099794,0.015399168399168398,0.14913218076375967,2
110.68947368421053,1.5246683661779188,11.670323831929094,0.9021787941787944,0.9503103184155814,72.95025927344348,0.15660914760914763,13.16015242367874,0.015399168399168398,0.023869022869022878,2
132.0578947368421,1.5180478398621293,13.082850147718567,3.4122314257577413,1.2675208447313708,72.80731190502243,0.5839775686617792,8.559678739468215,0.07066232629390523,0.16350060181639128,2
100.96315789473684,1.5178153661779188,12.503323831929094,3.190810373126163,1.2314155815734762,73.22031190502243,0.5913459897144108,8.95757347631032,0.015399168399168398,0.18855323339533864,2
101.22105263157893,1.5176598924937081,12.57700804245541,3.0953893204945837,1.356678739468213,73.18973295765402,0.6149249370828318,8.869520844731372,0.015399168399168398,0.1388163912900755,2
100.74210526315788,1.5180319977568661,12.684586989823831,3.2725998468103734,1.2093103184155813,72.9528382208119,0.5957670423459898,9.008415581573477,0.015399168399168398,0.1686584965532334,2
130.7684210526316,1.517355208283182,13.111586989823833,3.3868103731261625,1.5600471605208448,72.75683822081191,0.622661779188095,8.356310318415584,0.015399168399168398,0.023869022869022878,2
105.93684210526317,1.522472208283182,13.526429095086991,2.8253366889156366,1.268257686836634,71.62320664186454,0.23950388445125292,10.36236294999453,0.015399168399168398,0.03639533865849656,2
100.59473684210528,1.518176418809498,12.80542909508699,3.327126162599847,1.1945734763103184,72.77452243133821,0.5987144107670423,9.042310318415582,0.015399168399168398,0.15539533865849656,2
92.15789473684211,1.5159983135463397,13.67858698982383,3.1915472152314255,1.7269418973629498,72.48936453660137,0.7589775686617791,7.966520844731372,0.015399168399168398,0.023869022869022878,2
128.3,1.5182202609147608,13.033113305613305,3.562178794178794,1.179099792099792,72.92889085239085,0.5486091476091477,8.585099792099793,0.015399168399168398,0.10786902286902286,2
87.18421052631581,1.516941471441077,13.202586989823834,3.397126162599847,1.4476787394682133,72.77010137870664,0.5393986212933582,8.328678739468215,0.015399168399168398,0.0496584965532334,2
106.01052631578946,1.522520103020024,13.351060674034358,2.6116524783893205,1.320573476310318,71.6998382208119,0.2932933581354634,10.542889265784003,0.015399168399168398,0.06144797023744392,2
102.95263157894736,1.5173931556516032,12.88906067403436,2.9133893204945838,1.4296261078892656,73.01731190502244,0.5600302002407265,8.872099792099792,0.09682022103074735,0.14544797023744394,2
96.9842105263158,1.5167819451252875,13.00363962140278,3.304652478389321,1.4620471605208447,72.95873295765401,0.39645125287230554,8.530205055257689,0.015399168399168398,0.058869022869022875,2
113.01052631578946,1.5185061556516029,13.137376463508042,3.672336688915636,1.2715734763103181,72.48125927344348,0.5666617791880949,8.603520844731372,0.015399168399168398,0.023869022869022878,2
115.18421052631581,1.5174697872305505,13.459744884560676,3.470810373126163,1.6385208447313713,72.30846979975928,0.6064512528723055,8.262731371047161,0.015399168399168398,0.07729007550060181,2
90.97894736842105,1.516851208283182,13.16685014771857,3.372810373126163,1.4417840026261077,72.77562769449612,0.6326091476091477,8.36515242367874,0.015399168399168398,0.0669742860269176,2
95.47368421052632,1.5172063661779187,12.746113305613305,3.3573366889156366,1.6760997920997922,72.97089085239085,0.5983459897144108,8.439941897362951,0.015399168399168398,0.09644797023744392,2
98.12631578947368,1.5167067872305504,13.192271200350147,3.245336688915636,1.4602050552576868,72.96168032607505,0.40603020024072656,8.485626107889265,0.015399168399168398,0.037869022869022884,2
116.06842105263159,1.5172118924937081,13.338902779297518,3.4243893204945834,1.4719945289418972,72.52141716818034,0.6079249370828318,8.314310318415583,0.015399168399168398,0.12002691760586498,2
122.84736842105264,1.5199835240726556,13.481481726665937,2.2561261625998466,1.586205055257687,72.24399611554875,0.5069775686617792,9.563994528941897,0.1646096947149579,0.14434270707954922,2
134.4157894736842,1.5181215240726555,12.953902779297515,3.3809156362840573,1.289257686836634,72.65257506291717,0.583240726556516,8.819047160520846,0.015399168399168398,0.24860586497428597,2
128.96315789473684,1.5175902609147607,12.960165937192253,3.4428103731261626,1.5040471605208448,72.8559434839698,0.5817670423459896,8.406047160520846,0.015399168399168398,0.02829007550060183,2
104.42631578947368,1.5182519451252874,12.7472185687712,2.831231425757742,1.0630471605208447,73.37762769449611,0.42739862129335815,9.299099792099794,0.015399168399168398,0.14913218076375967,2
130.03157894736842,1.517296260914761,12.912639621402779,3.3794419520735315,1.5342576868366342,73.0589434839698,0.6152933581354634,8.278941897362952,0.015399168399168398,0.023869022869022878,2
93.44736842105263,1.5165973661779188,13.184165937192253,3.345915636284057,1.4528366342050552,73.02836453660137,0.4388196739249371,8.346731371047161,0.015399168399168398,0.023869022869022878,2
121.52105263157895,1.5181624188094975,13.17679751613962,3.1351787941787945,1.3426787394682131,72.53689085239085,0.5331354633986213,9.015415581573476,0.015399168399168398,0.06144797023744393,2
107.77894736842106,1.5287368398621293,12.196060674034358,0.9021787941787944,1.3662576868366343,70.81452243133822,0.3422933581354634,13.413257686836635,0.7117149578728528,0.20071112813218078,2
116.28947368421052,1.5171654714410767,13.396376463508043,3.4089156362840574,1.4587313710471603,72.50373295765401,0.6057144107670424,8.298836634205056,0.015399168399168398,0.055921654447970245,2
95.69473684210527,1.5176506819673925,12.830113305613304,3.414810373126163,1.5080997920997923,72.76089085239084,0.6005565160302002,8.634468213152426,0.015399168399168398,0.1251848123427071,2
95.91578947368421,1.5170844188094976,13.964850147718568,3.4711787941787944,1.5489945289418974,72.2178382208119,0.3533459897144108,8.114257686836636,0.015399168399168398,0.15023744392165445,2
147.0,1.51769,13.65,3.66,1.11,72.77,0.11,8.6,0.0,0.0,3
148.0,1.5161,13.33,3.53,1.34,72.67,0.56,8.33,0.0,0.0,3
149.0,1.5167,13.24,3.57,1.38,72.7,0.56,8.44,0.0,0.1,3
150.0,1.51643,12.16,3.52,1.35,72.89,0.57,8.53,0.0,0.0,3
151.0,1.51665,13.14,3.45,1.76,72.48,0.6,8.38,0.0,0.17,3
152.0,1.52127,14.32,3.9,0.83,71.5,0.0,9.49,0.0,0.0,3
153.0,1.51779,13.64,3.65,0.65,73.0,0.06,8.93,0.0,0.0,3
154.0,1.5161,13.42,3.4,1.22,72.69,0.59,8.32,0.0,0.0,3
155.0,1.51694,12.86,3.58,1.31,72.61,0.61,8.79,0.0,0.0,3
156.0,1.51646,13.04,3.4,1.26,73.01,0.52,8.58,0.0,0.0,3
157.0,1.51655,13.41,3.39,1.28,72.64,0.52,8.65,0.0,0.0,3
158.0,1.52121,14.03,3.76,0.58,71.79,0.11,9.65,0.0,0.0,3
159.0,1.51776,13.53,3.41,1.52,72.04,0.58,8.79,0.0,0.0,3
160.0,1.51796,13.5,3.36,1.63,71.94,0.57,8.81,0.0,0.09,3
161.0,1.51832,13.33,3.34,1.54,72.14,0.56,8.99,0.0,0.0,3
162.0,1.51934,13.64,3.54,0.75,72.65,0.16,8.89,0.15,0.24,3
163.0,1.52211,14.19,3.78,0.91,71.36,0.23,9.14,0.0,0.37,3
160.04605263157893,1.5195290032894737,13.69945394736842,3.5948026315789474,0.9207850877192982,72.2943004385965,0.24899451754385965,8.910554824561403,0.07434210526315788,0.21346600877192984,3
160.0828947368421,1.5196310559210526,13.719717105263157,3.6036447368421047,0.9266798245614035,72.24677412280703,0.2515734649122807,8.919765350877194,0.0688157894736842,0.2182554824561403,3
150.43026315789473,1.5168918453947369,13.324401315789475,3.5509605263157895,1.3146271929824562,72.60561622807019,0.5135208333333333,8.507870614035088,0.0025000000000000005,0.05725548245614035,3
160.37763157894736,1.5204474769736842,13.881822368421052,3.674381578947368,0.9738377192982457,71.86656359649123,0.27220504385964917,8.99344956140351,0.024605263157894734,0.25657127192982454,3
150.9828947368421,1.5169990559210522,13.019348684210525,3.5498552631578946,1.3186798245614035,72.66345833333334,0.5160997807017543,8.563502192982456,0.0025000000000000005,0.06093969298245614,3
153.56184210526317,1.5177694243421054,13.569769736842106,3.6095394736842104,0.8364166666666666,72.81303728070176,0.183047149122807,8.86081798245614,0.0025000000000000005,0.01672916666666667,3
154.4828947368421,1.5168653190789472,13.27945394736842,3.4901710526315783,1.2376271929824558,72.58682675438597,0.5396787280701754,8.577502192982456,0.0025000000000000005,0.01672916666666667,3
152.86184210526318,1.5201394769736845,14.028822368421054,3.78453947368421,0.9347850877192982,71.82972149122807,0.1237313596491228,9.2546600877193,0.0025000000000000005,0.01672916666666667,3
164.0,1.51514,14.01,2.68,3.5,69.89,1.68,5.87,2.2,0.0,5
165.0,1.51915,12.73,1.85,1.86,72.69,0.6,10.09,0.0,0.0,5
166.0,1.52171,11.56,1.88,1.56,72.86,0.47,11.41,0.0,0.0,5
167.0,1.52151,11.03,1.71,1.56,73.44,0.58,11.62,0.0,0.0,5
168.0,1.51969,12.64,0.0,1.65,73.75,0.38,11.53,0.0,0.0,5
169.0,1.51666,12.86,0.0,1.83,73.88,0.97,10.17,0.0,0.0,5
170.0,1.51994,13.27,0.0,1.76,73.03,0.47,11.32,0.0,0.0,5
171.0,1.52369,13.44,0.0,1.58,72.22,0.32,12.24,0.0,0.0,5
172.0,1.51316,13.02,0.0,3.04,70.48,6.21,6.96,0.0,0.0,5
173.0,1.51321,13.0,0.0,3.02,70.7,6.21,6.93,0.0,0.0,5
174.0,1.52043,13.38,0.0,1.4,72.25,0.33,12.5,0.0,0.0,5
175.0,1.52058,12.85,1.61,2.17,72.18,0.76,9.7,0.24,0.51,5
176.0,1.52119,12.97,0.33,1.51,73.39,0.13,11.27,0.0,0.28,5
173.60921052631582,1.52019772556391,12.857783834586467,1.1357819548872183,2.0067067669172935,72.46700187969927,0.8421616541353385,10.116174812030076,0.1839323308270677,0.3315601503759399,5
167.4934210526316,1.5171689360902254,13.494415413533835,1.7742556390977446,2.7660225563909773,71.15689661654136,1.3737932330827067,7.941753759398496,1.2759323308270678,0.058191729323308274,5
169.26184210526316,1.5180605150375939,13.341152255639098,1.4279398496240603,2.472759398496241,71.67268609022557,1.1453721804511279,8.737543233082707,0.9517218045112783,0.09945488721804513,5
169.07763157894738,1.5177878834586465,12.810257518796993,0.24457142857142866,1.8637593984962404,73.4149492481203,1.018266917293233,10.356385338345865,0.060142857142857165,0.01692857142857143,5
170.69868421052632,1.5214864624060151,13.217731203007519,0.24457142857142866,1.8228646616541353,72.14389661654135,1.0842142857142858,11.215911654135336,0.060142857142857165,0.01692857142857143,5
171.80394736842103,1.5149153045112782,12.945099624060152,0.24457142857142866,2.7277067669172936,71.15947556390977,4.773214285714285,7.894595864661655,0.060142857142857165,0.01692857142857143,5
177.0,1.51905,14.0,2.39,1.56,72.37,0.0,9.57,0.0,0.0,6
178.0,1.51937,13.79,2.41,1.19,72.76,0.0,9.77,0.0,0.0,6
179.0,1.51829,14.46,2.24,1.62,72.38,0.0,9.26,0.0,0.0,6
180.0,1.51852,14.09,2.19,1.66,72.67,0.0,9.32,0.0,0.0,6
181.0,1.51299,14.4,1.74,1.54,74.55,0.0,7.59,0.0,0.0,6
182.0,1.51888,14.99,0.78,1.74,72.5,0.0,9.95,0.0,0.0,6
183.0,1.51916,14.15,0.0,2.09,72.74,0.0,10.88,0.0,0.0,6
184.0,1.51969,14.56,0.0,0.56,73.48,0.0,11.22,0.0,0.0,6
185.0,1.51115,17.38,0.0,0.34,75.41,0.0,6.65,0.0,0.0,6
179.70921052631581,1.5181225934210527,14.430992105263162,1.9805144736842109,1.5555934210526317,72.66157105263159,0.0,9.303752631578948,0.0,0.0,6
179.93026315789473,1.518173435526316,14.349202631578947,1.9694618421052632,1.5644355263157892,72.72567631578949,0.0,9.317015789473684,0.0,0.0,6
183.025,1.519060225,14.56915,0.4217250000000001,0.8062250000000001,73.37815,0.0,10.6647,0.0,0.0,6
180.225,1.5182412250000001,14.24015,1.9547249999999998,1.576225,72.81115,0.0,9.3347,0.0,0.0,6
186.0,1.51131,13.69,3.2,1.81,72.81,1.76,5.43,1.19,0.0,7
187.0,1.51838,14.32,3.26,2.22,71.25,1.46,5.79,1.63,0.0,7
188.0,1.52315,13.44,3.34,1.23,72.38,0.6,8.83,0.0,0.0,7
189.0,1.52247,14.86,2.2,2.06,70.26,0.76,9.76,0.0,0.0,7
190.0,1.52365,15.79,1.83,1.31,70.43,0.31,8.61,1.68,0.0,7
191.0,1.51613,13.88,1.78,1.79,73.1,0.0,8.67,0.76,0.0,7
192.0,1.51602,14.85,0.0,2.38,73.28,0.0,8.76,0.64,0.09,7
193.0,1.51623,14.2,0.0,2.79,73.46,0.04,9.04,0.4,0.09,7
194.0,1.51719,14.75,0.0,2.0,73.02,0.0,8.53,1.59,0.08,7
195.0,1.51683,14.56,0.0,1.98,73.29,0.0,8.52,1.57,0.07,7
196.0,1.51545,14.14,0.0,2.68,73.39,0.08,9.07,0.61,0.05,7
197.0,1.51556,13.87,0.0,2.54,73.23,0.14,9.41,0.81,0.01,7
198.0,1.51727,14.7,0.0,2.34,73.28,0.0,8.95,0.66,0.0,7
199.0,1.51531,14.38,0.0,2.66,73.1,0.04,9.08,0.64,0.0,7
200.0,1.51609,15.01,0.0,2.51,73.05,0.05,8.83,0.53,0.0,7
201.0,1.51508,15.15,0.0,2.25,73.5,0.0,8.34,0.63,0.0,7
202.0,1.51653,11.95,0.0,1.19,75.18,2.7,8.93,0.0,0.0,7
203.0,1.51514,14.85,0.0,2.42,73.72,0.0,8.39,0.56,0.0,7
204.0,1.51658,14.8,0.0,1.99,73.11,0.0,8.28,1.71,0.0,7
205.0,1.51617,14.95,0.0,2.27,73.3,0.0,8.71,0.67,0.0,7
206.0,1.51732,14.95,0.0,1.8,72.99,0.0,8.61,1.55,0.0,7
207.0,1.51645,14.94,0.0,1.87,73.11,0.0,8.67,1.38,0.0,7
208.0,1.51831,14.39,0.0,1.82,72.86,1.41,6.47,2.88,0.0,7
209.0,1.5164,14.37,0.0,2.74,72.85,0.0,9.45,0.54,0.0,7
210.0,1.51623,14.14,0.0,2.88,72.61,0.08,9.18,1.06,0.0,7
211.0,1.51685,14.92,0.0,1.99,73.06,0.0,8.4,1.59,0.0,7
212.0,1.52065,14.36,0.0,2.02,73.42,0.0,8.44,1.64,0.0,7
213.0,1.51651,14.38,0.0,1.94,73.61,0.0,8.48,1.57,0.0,7
214.0,1.51711,14.23,0.0,2.08,73.36,0.0,8.62,1.67,0.0,7
198.67236842105262,1.5169388221804512,14.574920676691727,0.16725,2.322036466165413,73.1554879699248,0.10390187969924813,8.831265037593985,0.7693526315789474,0.004178571428571429,7
190.27236842105265,1.5140975590225563,14.007920676691727,2.416092105263158,1.9642996240601505,72.62311954887218,1.2857966165413535,6.40115977443609,1.2081421052631578,0.004178571428571429,7
198.59868421052633,1.5170832432330827,14.59849962406015,0.16725,2.2984575187969924,73.16875112781955,0.10095451127819552,8.821686090225564,0.7708263157894737,0.004178571428571429,7
193.8092105263158,1.5164094011278195,14.226762781954887,1.0853552631578949,1.9985627819548872,73.08917218045113,0.09800714285714288,8.632686090225565,0.8201947368421054,0.02075751879699248,7
194.80394736842103,1.5164532432330828,14.415762781954886,0.16725,2.499246992481203,73.26822481203007,0.117165037593985,8.813212406015037,0.6433526315789474,0.06717857142857142,7
199.59342105263158,1.5161430327067669,14.630183834586465,0.16725,2.443615413533834,73.0375932330827,0.12969135338345866,8.811001879699248,0.7177736842105262,0.004178571428571429,7
204.125,1.5172626642857143,14.79707857142857,0.16725,1.8968785714285714,72.97901428571427,0.09800714285714288,8.574107142857143,1.3953,0.004178571428571429,7
204.5671052631579,1.5168780327067668,14.792657518796991,0.16725,1.927825939849624,73.03206691729322,0.09800714285714288,8.600633458646618,1.320142105263158,0.004178571428571429,7
191.15657894736842,1.5195862958646618,14.06428909774436,2.4757763157894734,1.8626154135338349,72.13569849624061,0.8348492481203008,7.608107142857143,0.9108263157894738,0.004178571428571429,7
191.04605263157896,1.5190590853383459,14.161552255639096,2.4669342105263157,1.9720364661654135,72.01080375939848,0.929901879699248,7.272107142857143,1.0909842105263157,0.004178571428571429,7
196.64605263157893,1.516614611654135,14.431236466165414,0.16725,2.177615413533834,73.21111954887218,0.11569135338345865,8.632686090225564,1.1970894736842106,0.048757518796992486,7
190.825,1.5180046642857143,14.35607857142857,2.4492499999999997,2.1908785714285717,71.76101428571428,1.1200071428571428,6.6001071428571425,1.4512999999999998,0.004178571428571429,7
199.15131578947367,1.5160000853383457,14.42165751879699,0.16725,2.4752996240601504,73.06927744360901,0.12305977443609026,8.893528195488722,0.7597736842105263,0.004178571428571429,7
192.9986842105263,1.5211395590225563,15.244341729323306,1.4445657894736843,1.5892469924812032,71.38375112781955,0.292165037593985,8.57852819548872,1.4185105263157896,0.004178571428571429,7
